<?xml version="1.0" encoding="UTF-8"?>
<project-private xmlns="http://www.netbeans.org/ns/project-private/1">
    <editor-bookmarks xmlns="http://www.netbeans.org/ns/editor-bookmarks/2" lastBookmarkId="0"/>
    <open-files xmlns="http://www.netbeans.org/ns/projectui-open-files/2">
        <group>
            <file>file:/d:/Users/Student1/Downloads/Personal-Expense-Tracker-main/Personal%20Expense%20Tracker/PersonalExpenseTrackerWebApp/web/addExpense.jsp</file>
            <file>file:/d:/Users/Student1/Downloads/Personal-Expense-Tracker-main/Personal%20Expense%20Tracker/PersonalExpenseTrackerWebApp/web/dashboard.jsp</file>
        </group>
    </open-files>
</project-private>
