<?xml version="1.0" encoding="UTF-8"?>
<project-private xmlns="http://www.netbeans.org/ns/project-private/1">
    <editor-bookmarks xmlns="http://www.netbeans.org/ns/editor-bookmarks/2" lastBookmarkId="0"/>
    <open-files xmlns="http://www.netbeans.org/ns/projectui-open-files/2">
        <group>
            <file>file:/E:/Java/OnlineBookStore/PersonalExpenseTrackerWebApp/src/java/za/ac/tut/web/AddExpenseServlet.java</file>
            <file>file:/E:/Java/OnlineBookStore/PersonalExpenseTrackerWebApp/web/updateExpense.jsp</file>
            <file>file:/E:/Java/OnlineBookStore/PersonalExpenseTrackerWebApp/web/dashboard.jsp</file>
            <file>file:/E:/Java/OnlineBookStore/PersonalExpenseTrackerWebApp/src/java/za/ac/tut/web/UpdateExpenseServlet.java</file>
            <file>file:/E:/Java/OnlineBookStore/PersonalExpenseTrackerWebApp/web/viewAllExpenses.jsp</file>
            <file>file:/E:/Java/OnlineBookStore/PersonalExpenseTrackerWebApp/web/addExpense.jsp</file>
            <file>file:/E:/Java/OnlineBookStore/PersonalExpenseTrackerWebApp/src/java/za/ac/tut/web/ViewAllExpensesServlet.java</file>
            <file>file:/E:/Java/OnlineBookStore/PersonalExpenseTrackerWebApp/src/java/za/ac/tut/web/DashboardServlet.java</file>
            <file>file:/E:/Java/OnlineBookStore/PersonalExpenseTrackerWebApp/src/java/za/ac/tut/web/DeleteExpenseServlet.java</file>
        </group>
    </open-files>
</project-private>
